Scientific_Name,GLCA0367_070_S09.a4.lqt.minlen36,GLCA2578_070_S10.a4.lqt.minlen36,GLCA2627_070_S08.a4.lqt.minlen36
Cellulosimicrobium sp. TH-20,0.0,0.0,1.005065856129686
Cellulosimicrobium,0.0,1.0033444816053512,0.0
Devosia sp. 1566,1.0016117729502452,1.00470719051149,1.0026484751203852
Achromobacter spanius,0.0,0.0,1.0
Bacillus pumilus,0.0,0.0,1.0
Neorhizobium sp. SOG26,0.0,1.0,0.0
