"","Df","SumsOfSqs","MeanSqs","F.Model","R2","Pr(>F)"
"metadata_bovid2$host_sp",2,1.46514186062488,0.732570930312442,17.9152459123224,0.106675599745818,1e-04
"metadata_bovid2$day",9,7.60784769332075,0.845316410368972,20.6724710725592,0.553920229344681,1e-04
"Residuals",114,4.6615651531848,0.0408909223963579,NA,0.339404170909502,NA
"Total",125,13.7345547071304,NA,NA,1,NA
