"","Df","SumsOfSqs","MeanSqs","F.Model","R2","Pr(>F)"
"metadata$age",1,1.19468691820864,1.19468691820864,11.4811550633551,0.247594533479559,1e-04
"metadata$order",2,1.14321019227753,0.571605096138765,5.49322725791082,0.236926168615333,1e-04
"metadata$order:metadata$host_sp",2,0.718320052554862,0.359160026277431,3.45159212125042,0.148869227234875,0.0131
"Residuals",17,1.76895769610935,0.104056335065256,NA,0.366610070670233,NA
"Total",22,4.82517485915038,NA,NA,1,NA
