"","Df","SumsOfSqs","MeanSqs","F.Model","R2","Pr(>F)"
"metadata_bovid2$host_sp",2,1.42984351232037,0.714921756160183,10.2789434986698,0.0698362368874064,1e-04
"metadata_bovid2$day",9,11.115455779472,1.23505064216356,17.7572100155121,0.542899692335544,1e-04
"Residuals",114,7.92893551879215,0.0695520659543171,NA,0.38726407077705,NA
"Total",125,20.4742348105846,NA,NA,1,NA
