"","Df","SumsOfSqs","MeanSqs","F.Model","R2","Pr(>F)"
"metadata$age",1,1.26416204768396,1.26416204768396,12.480984542336,0.222019295265865,1e-04
"metadata$order",2,1.58610116091546,0.793050580457728,7.82973358053065,0.278560064836605,1e-04
"metadata$order:metadata$host_sp",2,1.12178576691305,0.560892883456523,5.53765668029077,0.197014366841344,0.0019
"Residuals",17,1.72187977140183,0.101287045376578,NA,0.302406273056186,NA
"Total",22,5.6939287469143,NA,NA,1,NA
