Scientific_Name,NHCS-zamElephant01b-xx-EN-ZMB-2018-024-FW_S14,NHCS-zamElephant02-xx-EN-ZMB-2018-024-FW_S15
Cutibacterium acnes,0.0,1.0442477876106195
Elephas maximus,1.0246153846153847,1.0268817204301075
Homo sapiens,1.0194805194805194,1.0216400911161732
Loxodonta africana,1.014155014672881,1.022532645004555
Acinetobacter baumannii,0.0,1.0108695652173914
Acinetobacter equi,1.0105633802816902,0.0
Capparis versicolor,1.003921568627451,0.0
